Workbook

Sheet Test Cases
A1: Scenario ID | B1: Scenario | C1: Test Case ID | D1: Priority | E1: Test Case | F1: Preconditions / Test Data | G1: Steps | H1: Expected Result | I1: Actual Result | J1: Status | K1: Screenshot / Evidence
A2: ENV-01 | B2: Environment and application launch | C2: TC-001 | D2: P1 | E2: Open dashboard | F2: Frontend dependencies installed. | G2: Open http://127.0.0.1:5173/reconciliation. | H2: Dashboard renders without a blank screen or uncaught client error. | I2: Not executed — record observed result during execution. | J2: Not Run | K2: Not captured — attach screenshot path or evidence link after execution.
A3: ENV-01 | B3: Environment and application launch | C3: TC-002 | D3: P1 | E3: Check backend health | F3: Backend is running. | G3: GET http://127.0.0.1:8000/. | H3: HTTP 200 reports healthy API status. | I3: Not executed — record observed result during execution. | J3: Not Run | K3: Not captured — attach screenshot path or evidence link after execution.
A4: ENV-01 | B4: Environment and application launch | C4: TC-003 | D4: P1 | E4: Open API documentation | F4: Backend is running. | G4: Open http://127.0.0.1:8000/docs. | H4: OpenAPI UI loads and lists preview, compare, results and report endpoints. | I4: Not executed — record observed result during execution. | J4: Not Run | K4: Not captured — attach screenshot path or evidence link after execution.
A5: ENV-01 | B5: Environment and application launch | C5: TC-004 | D5: P1 | E5: Refresh deep link | F5: Frontend is running. | G5: Open or refresh /reconciliation directly. | H5: SPA serves the reconciliation page, not a server 404. | I5: Not executed — record observed result during execution. | J5: Not Run | K5: Not captured — attach screenshot path or evidence link after execution.
A6: ENV-01 | B6: Environment and application launch | C6: TC-005 | D6: P2 | E6: Configure API origin | F6: Set VITE_API_URL to a reachable API origin. | G6: Restart Vite and upload a file; inspect network requests. | H6: Requests use configured API origin and succeed without CORS errors. | I6: Not executed — record observed result during execution. | J6: Not Run | K6: Not captured — attach screenshot path or evidence link after execution.
A7: UI-01 | B7: Navigation, theme and responsive layout | C7: TC-006 | D7: P2 | E7: Inspect dashboard shell | F7: Application open. | G7: Inspect brand, sidebar, top bar, profile, heading and footer. | H7: Enterprise dashboard shell is visible and aligned. | I7: Not executed — record observed result during execution. | J7: Not Run | K7: Not captured — attach screenshot path or evidence link after execution.
A8: UI-01 | B8: Navigation, theme and responsive layout | C8: TC-007 | D8: P2 | E8: Navigate sidebar sections | F8: Application open. | G8: Select Overview, Reconciliation, Data sources, Reports, Settings and Help. | H8: Relevant dashboard anchors are reached; navigation causes no error. | I8: Not executed — record observed result during execution. | J8: Not Run | K8: Not captured — attach screenshot path or evidence link after execution.
A9: UI-01 | B9: Navigation, theme and responsive layout | C9: TC-008 | D9: P2 | E9: Switch to dark theme | F9: Light theme active. | G9: Activate moon/theme control. | H9: Dark palette is applied; text and controls remain legible. | I9: Not executed — record observed result during execution. | J9: Not Run | K9: Not captured — attach screenshot path or evidence link after execution.
A10: UI-01 | B10: Navigation, theme and responsive layout | C10: TC-009 | D10: P2 | E10: Switch back to light theme | F10: Dark theme active. | G10: Activate sun/theme control. | H10: Light palette is restored without losing current page state. | I10: Not executed — record observed result during execution. | J10: Not Run | K10: Not captured — attach screenshot path or evidence link after execution.
A11: UI-01 | B11: Navigation, theme and responsive layout | C11: TC-010 | D11: P2 | E11: Check tablet/mobile layout | F11: Browser viewport can be resized. | G11: Check 768px and 390px viewport widths; scroll all sections. | H11: Sidebar adapts; cards and controls remain usable without page-wide overflow. | I11: Not executed — record observed result during execution. | J11: Not Run | K11: Not captured — attach screenshot path or evidence link after execution.
A12: UI-01 | B12: Navigation, theme and responsive layout | C12: TC-011 | D12: P2 | E12: Keyboard navigation | F12: Dashboard open. | G12: Use Tab, Shift+Tab, Enter and Space through navigation and controls. | H12: Controls are reachable and have visible focus; no keyboard trap. | I12: Not executed — record observed result during execution. | J12: Not Run | K12: Not captured — attach screenshot path or evidence link after execution.
... A303: EXT-12 | B303: Operational, observability and recovery | C303: TC-302 | D303: P2 | E303: Backup/restore run data future gate | F303: Durable history implementation available. | G303: Backup database/object store, restore into isolated environment. | H303: Run metadata and reports recover with integrity; current in-memory build is not applicable. | I303: Not executed — record observed result during execution. | J303: Not Run | K303: Not captured — attach screenshot path or evidence link after execution.

Sheet Execution Summary
A1: Execution Metric | B1: Count / Value
A2: Total test cases | B2: =COUNTA('Test Cases'!$C$2:$C$303)
A3: Passed | B3: =COUNTIF('Test Cases'!$J$2:$J$303,"Pass")
A4: Failed | B4: =COUNTIF('Test Cases'!$J$2:$J$303,"Fail")
A5: Blocked | B5: =COUNTIF('Test Cases'!$J$2:$J$303,"Blocked")
A6: Not run | B6: =COUNTIF('Test Cases'!$J$2:$J$303,"Not Run")
A7: Not applicable | B7: =COUNTIF('Test Cases'!$J$2:$J$303,"Not Applicable")
A8: Execution progress | B8: =IFERROR((B2-B6)/B2,0)
A9: Pass rate (executed only) | B9: =IFERROR(B3/(B3+B4),0)

Sheet Scenario Summary
A1: Scenario ID | B1: Scenario Group | C1: Coverage Objective | D1: Test Case Count | E1: Test Case IDs | F1: Execution Status
A2: ENV-01 | B2: Environment and application launch | C2: Existing coverage group retained from the original test pack. | D2: 5 | E2: TC-001, TC-002, TC-003, TC-004, TC-005 | F2: =IF(COUNTIFS('Test Cases'!$A$2:$A$303,A2,'Test Cases'!$J$2:$J$303,"Fail")>0,"Fail",IF(COUNTIFS('Test Cases'!$A$2:$A$303,A2,'Test Cases'!$J$2:$J$303,"Blocked")>0,"Blocked",IF(COUNTIFS('Test Cases'!$A$2:$A$303,A2,'Test Cases'!$J$2:$J$303,"Not Run")>0,"Not Run",IF(COUNTIFS('Test Cases'!$A$2:$A$303,A2,'Test Cases'!$J$2:$J$303,"Pass")>0,"Pass","Not Applicable"))))
A3: UI-01 | B3: Navigation, theme and responsive layout | C3: Existing coverage group retained from the original test pack. | D3: 6 | E3: TC-006, TC-007, TC-008, TC-009, TC-010, TC-011 | F3: =IF(COUNTIFS('Test Cases'!$A$2:$A$303,A3,'Test Cases'!$J$2:$J$303,"Fail")>0,"Fail",IF(COUNTIFS('Test Cases'!$A$2:$A$303,A3,'Test Cases'!$J$2:$J$303,"Blocked")>0,"Blocked",IF(COUNTIFS('Test Cases'!$A$2:$A$303,A3,'Test Cases'!$J$2:$J$303,"Not Run")>0,"Not Run",IF(COUNTIFS('Test Cases'!$A$2:$A$303,A3,'Test Cases'!$J$2:$J$303,"Pass")>0,"Pass","Not Applicable"))))
A4: UPL-01 | B4: Upload and file validation | C4: Existing coverage group retained from the original test pack. | D4: 11 | E4: TC-012, TC-013, TC-014, TC-015, TC-016, TC-017, TC-018, TC-019, TC-020, TC-021, TC-022 | F4: =IF(COUNTIFS('Test Cases'!$A$2:$A$303,A4,'Test Cases'!$J$2:$J$303,"Fail")>0,"Fail",IF(COUNTIFS('Test Cases'!$A$2:$A$303,A4,'Test Cases'!$J$2:$J$303,"Blocked")>0,"Blocked",IF(COUNTIFS('Test Cases'!$A$2:$A$303,A4,'Test Cases'!$J$2:$J$303,"Not Run")>0,"Not Run",IF(COUNTIFS('Test Cases'!$A$2:$A$303,A4,'Test Cases'!$J$2:$J$303,"Pass")>0,"Pass","Not Applicable"))))
A5: PRE-01 | B5: Data preview and inspection | C5: Existing coverage group retained from the original test pack. | D5: 6 | E5: TC-023, TC-024, TC-025, TC-026, TC-027, TC-028 | F5: =IF(COUNTIFS('Test Cases'!$A$2:$A$303,A5,'Test Cases'!$J$2:$J$303,"Fail")>0,"Fail",IF(COUNTIFS('Test Cases'!$A$2:$A$303,A5,'Test Cases'!$J$2:$J$303,"Blocked")>0,"Blocked",IF(COUNTIFS('Test Cases'!$A$2:$A$303,A5,'Test Cases'!$J$2:$J$303,"Not Run")>0,"Not Run",IF(COUNTIFS('Test Cases'!$A$2:$A$303,A5,'Test Cases'!$J$2:$J$303,"Pass")>0,"Pass","Not Applicable"))))
A6: CFG-01 | B6: Comparison settings and key selection | C6: Existing coverage group retained from the original test pack. | D6: 9 | E6: TC-029, TC-030, TC-031, TC-032, TC-033, TC-034, TC-035, TC-036, TC-037 | F6: =IF(COUNTIFS('Test Cases'!$A$2:$A$303,A6,'Test Cases'!$J$2:$J$303,"Fail")>0,"Fail",IF(COUNTIFS('Test Cases'!$A$2:$A$303,A6,'Test Cases'!$J$2:$J$303,"Blocked")>0,"Blocked",IF(COUNTIFS('Test Cases'!$A$2:$A$303,A6,'Test Cases'!$J$2:$J$303,"Not Run")>0,"Not Run",IF(COUNTIFS('Test Cases'!$A$2:$A$303,A6,'Test Cases'!$J$2:$J$303,"Pass")>0,"Pass","Not Applicable"))))
A7: CMP-01 | B7: Reconciliation correctness and summary | C7: Existing coverage group retained from the original test pack. | D7: 13 | E7: TC-038, TC-039, TC-040, TC-041, TC-042, TC-043, TC-044, TC-045, TC-046, TC-047, TC-048, TC-049, TC-050 | F7: =IF(COUNTIFS('Test Cases'!$A$2:$A$303,A7,'Test Cases'!$J$2:$J$303,"Fail")>0,"Fail",IF(COUNTIFS('Test Cases'!$A$2:$A$303,A7,'Test Cases'!$J$2:$J$303,"Blocked")>0,"Blocked",IF(COUNTIFS('Test Cases'!$A$2:$A$303,A7,'Test Cases'!$J$2:$J$303,"Not Run")>0,"Not Run",IF(COUNTIFS('Test Cases'!$A$2:$A$303,A7,'Test Cases'!$J$2:$J$303,"Pass")>0,"Pass","Not Applicable"))))
A8: FIL-01 | B8: Results table filtering and selection | C8: Existing coverage group retained from the original test pack. | D8: 9 | E8: TC-051, TC-052, TC-053, TC-054, TC-055, TC-056, TC-057, TC-058, TC-059 | F8: =IF(COUNTIFS('Test Cases'!$A$2:$A$303,A8,'Test Cases'!$J$2:$J$303,"Fail")>0,"Fail",IF(COUNTIFS('Test Cases'!$A$2:$A$303,A8,'Test Cases'!$J$2:$J$303,"Blocked")>0,"Blocked",IF(COUNTIFS('Test Cases'!$A$2:$A$303,A8,'Test Cases'!$J$2:$J$303,"Not Run")>0,"Not Run",IF(COUNTIFS('Test Cases'!$A$2:$A$303,A8,'Test Cases'!$J$2:$J$303,"Pass")>0,"Pass","Not Applicable"))))
A9: ANA-01 | B9: KPI and visual analytics | C9: Existing coverage group retained from the original test pack. | D9: 4 | E9: TC-060, TC-061, TC-062, TC-063 | F9: =IF(COUNTIFS('Test Cases'!$A$2:$A$303,A9,'Test Cases'!$J$2:$J$303,"Fail")>0,"Fail",IF(COUNTIFS('Test Cases'!$A$2:$A$303,A9,'Test Cases'!$J$2:$J$303,"Blocked")>0,"Blocked",IF(COUNTIFS('Test Cases'!$A$2:$A$303,A9,'Test Cases'!$J$2:$J$303,"Not Run")>0,"Not Run",IF(COUNTIFS('Test Cases'!$A$2:$A$303,A9,'Test Cases'!$J$2:$J$303,"Pass")>0,"Pass","Not Applicable"))))
A10: EXP-01 | B10: Report downloads and metadata | C10: Existing coverage group retained from the original test pack. | D10: 9 | E10: TC-064, TC-065, TC-066, TC-067, TC-068, TC-069, TC-070, TC-071, TC-072 | F10: =IF(COUNTIFS('Test Cases'!$A$2:$A$303,A10,'Test Cases'!$J$2:$J$303,"Fail")>0,"Fail",IF(COUNTIFS('Test Cases'!$A$2:$A$303,A10,'Test Cases'!$J$2:$J$303,"Blocked")>0,"Blocked",IF(COUNTIFS('Test Cases'!$A$2:$A$303,A10,'Test Cases'!$J$2:$J$303,"Not Run")>0,"Not Run",IF(COUNTIFS('Test Cases'!$A$2:$A$303,A10,'Test Cases'!$J$2:$J$303,"Pass")>0,"Pass","Not Applicable"))))
A11: API-01 | B11: REST API contract and pagination | C11: Existing coverage group retained from the original test pack. | D11: 10 | E11: TC-073, TC-074, TC-075, TC-076, TC-077, TC-078, TC-079, TC-080, TC-081, TC-082 | F11: =IF(COUNTIFS('Test Cases'!$A$2:$A$303,A11,'Test Cases'!$J$2:$J$303,"Fail")>0,"Fail",IF(COUNTIFS('Test Cases'!$A$2:$A$303,A11,'Test Cases'!$J$2:$J$303,"Blocked")>0,"Blocked",IF(COUNTIFS('Test Cases'!$A$2:$A$303,A11,'Test Cases'!$J$2:$J$303,"Not Run")>0,"Not Run",IF(COUNTIFS('Test Cases'!$A$2:$A$303,A11,'Test Cases'!$J$2:$J$303,"Pass")>0,"Pass","Not Applicable"))))
A12: ERR-01 | B12: Negative, resilience and input security | C12: Existing coverage group retained from the original test pack. | D12: 9 | E12: TC-083, TC-084, TC-085, TC-086, TC-087, TC-088, TC-089, TC-090, TC-091 | F12: =IF(COUNTIFS('Test Cases'!$A$2:$A$303,A12,'Test Cases'!$J$2:$J$303,"Fail")>0,"Fail",IF(COUNTIFS('Test Cases'!$A$2:$A$303,A12,'Test Cases'!$J$2:$J$303,"Blocked")>0,"Blocked",IF(COUNTIFS('Test Cases'!$A$2:$A$303,A12,'Test Cases'!$J$2:$J$303,"Not Run")>0,"Not Run",IF(COUNTIFS('Test Cases'!$A$2:$A$303,A12,'Test Cases'!$J$2:$J$303,"Pass")>0,"Pass","Not Applicable"))))
A13: PERF-01 | B13: Performance, capacity and reliability | C13: Existing coverage group retained from the original test pack. | D13: 6 | E13: TC-092, TC-093, TC-094, TC-095, TC-096, TC-097 | F13: =IF(COUNTIFS('Test Cases'!$A$2:$A$303,A13,'Test Cases'!$J$2:$J$303,"Fail")>0,"Fail",IF(COUNTIFS('Test Cases'!$A$2:$A$303,A13,'Test Cases'!$J$2:$J$303,"Blocked")>0,"Blocked",IF(COUNTIFS('Test Cases'!$A$2:$A$303,A13,'Test Cases'!$J$2:$J$303,"Not Run")>0,"Not Run",IF(COUNTIFS('Test Cases'!$A$2:$A$303,A13,'Test Cases'!$J$2:$J$303,"Pass")>0,"Pass","Not Applicable"))))
... A27: EXT-12 | B27: Operational, observability and recovery | C27: Verify logs, restart behavior, health monitoring, configuration and backup/recovery gates. | D27: 11 | E27: TC-292, TC-293, TC-294, TC-295, TC-296, TC-297, TC-298, TC-299, TC-300, TC-301, TC-302 | F27: =IF(COUNTIFS('Test Cases'!$A$2:$A$303,A27,'Test Cases'!$J$2:$J$303,"Fail")>0,"Fail",IF(COUNTIFS('Test Cases'!$A$2:$A$303,A27,'Test Cases'!$J$2:$J$303,"Blocked")>0,"Blocked",IF(COUNTIFS('Test Cases'!$A$2:$A$303,A27,'Test Cases'!$J$2:$J$303,"Not Run")>0,"Not Run",IF(COUNTIFS('Test Cases'!$A$2:$A$303,A27,'Test Cases'!$J$2:$J$303,"Pass")>0,"Pass","Not Applicable"))))

Sheet Execution Guide
A1: RECONCILEIQ — QA TEST PACK
A2: Purpose | B2: Scenario-grouped functional, API, negative, performance, accessibility and compatibility coverage for the current ReconcileIQ implementation.
A3: How to execute | B3: Execute each Test Case ID. Record observed behavior in Actual Result, choose a status, and attach a screenshot/evidence path. Do not mark Pass based only on expected behavior.
A4: Status definitions | B4: Not Run = not executed; Pass = actual meets expected; Fail = actual differs; Blocked = dependency/environment prevents execution; Not Applicable = formally excluded and reason recorded.
A5: Screenshot evidence | B5: Capture the relevant UI state, browser network response, or API response. Use a stable name such as TC-001.png. Avoid screenshots containing sensitive production data.
A6: Environment record | B6: Record tester, date, build/version, OS/browser, API URL, and test environment when execution begins.
A7: Sample Source CSV | B7: EMPID,REGION,NAME,AMOUNT,NOTE 1001,West,Ana,125.00,Ready 1002,East,Ben,200.00,Blank 1003,West,Cy,75.00,OnlySource
A8: Sample Target CSV | B8: EMPID,REGION,NAME,AMOUNT,NOTE 1001,West,Ana,125.00,Ready 1002,East,Ben,225.00,Blank 1004,South,Dee,50.00,OnlyTarget
A9: Sample expected result | B9: Using EMPID: total=4, matched=1, mismatched=1 (1002/AMOUNT), missing_source=1 (1004), missing_target=1 (1003), success_rate=25%.
A10: Supported formats and limit | B10: CSV, XLSX, XLS and TXT. TXT delimiter is auto-detected. API upload limit is 100 MB per file.
A11: Current session lifecycle | B11: Runs are held in process memory, expire after 30 minutes, and at most three are retained. A backend restart clears runs.
A12: Performance test notes | B12: Record file size, row count, hardware, elapsed time, peak memory, status and agreed SLA. A local smoke measurement is not a production SLA.
A13: Known scope gaps | B13: Authentication/roles and durable history are not implemented. Historical trends are unavailable without persisted run history. Track as product gaps, not passed tests.
... A19: Feature availability note | B19: Authentication, tenant isolation, durable history and backup/restore cases are release gates/future-feature tests because the current implementation does not provide those capabilities. Mark blocked/not applicable with a reason until implemented.
